env,seed,timestep,avg_return
Pendulum-v1,0,0,-1321.5975420864397
Pendulum-v1,0,5000,-399.47809636577466
Pendulum-v1,0,10000,-163.3893320890175
Pendulum-v1,0,15000,-164.19955442606326
Pendulum-v1,0,20000,-164.72000912331117
Pendulum-v1,0,25000,-165.24927067774328
Pendulum-v1,0,30000,-166.0393385447034
Pendulum-v1,0,35000,-414.2459751650037
Pendulum-v1,0,40000,-166.62655894430972
Pendulum-v1,0,45000,-164.49846254742732
Pendulum-v1,0,50000,-164.13411253385487
Pendulum-v1,0,55000,-163.36274980837285
Pendulum-v1,0,60000,-335.3168742104177
Pendulum-v1,0,65000,-164.12941559066167
Pendulum-v1,0,70000,-162.27963879766034
Pendulum-v1,0,75000,-162.92271750342042
Pendulum-v1,0,80000,-164.0365868884008
Pendulum-v1,0,85000,-171.26745801141254
Pendulum-v1,0,90000,-163.22969596520105
Pendulum-v1,0,95000,-162.3216076927878
Pendulum-v1,0,100000,-163.02358037362993
